"P02 Census 2021: Usual resident population by five-year age group, local authorities in England and Wales [note 1]",,,,,,,,,,,,,,,,,,,,,,,
"England and Wales: regions (within England), unitary authorities, counties, districts, London boroughs",,,,,,,,,,,,,,,,,,,,,,,
This worksheet contains one dataset.,,,,,,,,,,,,,,,,,,,,,,,
Notes for the data can be found in the notes worksheet.,,,,,,,,,,,,,,,,,,,,,,,
"Freeze panes are turned on. To turn off freeze panes select the 'View' ribbon then 'Freeze Panes' then 'Unfreeze Panes' or use [Alt W, F]",,,,,,,,,,,,,,,,,,,,,,,
Source: Office for National Statistics,,,,,,,,,,,,,,,,,,,,,,,
Released: 28 June 2022,,,,,,,,,,,,,,,,,,,,,,,
Area code [note 2],Country,Region,Area name,All persons,"Aged 4 years and under
[note 12]","Aged 5 to 9 years
[note 12]","Aged 10 to 14 years
[note 12]","Aged 15 to 19 years
[note 12]","Aged 20 to 24 years
[note 12]","Aged 25 to 29 years
[note 12]","Aged 30 to 34 years
[note 12]","Aged 35 to 39 years
[note 12]","Aged 40 to 44 years
[note 12]","Aged 45 to 49 years
[note 12]","Aged 50 to 54 years
[note 12]","Aged 55 to 59 years
[note 12]","Aged 60 to 64 years
[note 12]","Aged 65 to 69 years
[note 12]","Aged 70 to 74 years
[note 12]","Aged 75 to 79 years
[note 12]","Aged 80 to 84 years
[note 12]","Aged 85 to 89 years
[note 12]","Aged 90 years and over
[note 12]"
E06000047,England,North East,County Durham,"522,100","24,800","28,400","29,500","31,200","33,100","29,200","30,700","30,600","29,200","31,600","37,900","39,500","35,100","31,000","30,700","21,700","15,100","8,500","4,300"
E06000005,England,North East,Darlington,"107,800","5,500","6,300","6,600","5,800","5,400","6,400","7,000","6,600","6,600","6,900","7,800","7,900","7,000","6,000","6,000","4,200","3,100","1,800","1,000"
E06000001,England,North East,Hartlepool,"92,300","5,000","5,600","5,900","5,200","5,100","5,500","5,900","5,500","5,100","5,400","6,600","7,100","6,300","5,300","5,100","3,200","2,500","1,500",700
E06000002,England,North East,Middlesbrough,"143,900","8,900","9,800","9,500","8,600","10,200","10,300","10,300","9,400","8,000","7,900","8,700","9,400","8,700","7,200","6,500","4,300","3,200","2,000","1,000"
E06000057,England,North East,Northumberland,"320,600","14,200","16,700","17,400","15,700","13,900","15,900","16,900","17,400","17,400","19,700","23,200","25,800","24,800","22,600","23,000","15,800","10,600","6,200","3,400"
E06000003,England,North East,Redcar and Cleveland,"136,500","6,800","7,900","8,000","7,100","6,600","7,500","7,900","7,600","7,300","7,900","10,000","10,700","9,600","8,500","8,700","6,300","4,500","2,500","1,300"
E06000004,England,North East,Stockton-on-Tees,"196,600","10,700","12,400","13,000","10,600","9,700","11,900","13,100","13,100","12,000","12,200","13,900","14,000","12,700","10,800","10,300","6,900","4,900","2,900","1,500"
E11000007,England,North East,Tyne and Wear (Met County),"1,127,200","58,400","63,400","64,400","65,900","79,000","74,000","76,200","73,300","66,600","67,300","75,200","78,100","71,000","60,300","58,200","38,800","29,500","18,000","9,400"
E08000037,England,North East,Gateshead,"196,100","10,100","11,100","11,300","10,100","10,300","12,700","13,100","13,000","11,900","12,100","13,900","14,200","12,500","10,600","10,700","7,400","5,900","3,500","1,700"
E08000021,England,North East,Newcastle upon Tyne,"300,200","15,600","16,700","16,400","23,400","36,700","23,400","21,300","19,600","16,900","16,000","16,800","17,400","15,500","12,700","11,800","7,900","6,000","4,000","2,200"
E08000022,England,North East,North Tyneside,"209,000","11,000","11,900","12,100","10,400","9,500","12,200","13,900","14,300","13,700","13,600","14,600","15,200","13,600","12,100","11,800","7,800","5,700","3,500","1,900"
E08000023,England,North East,South Tyneside,"147,800","7,800","8,500","8,600","7,500","7,300","8,700","9,900","9,400","8,500","8,700","10,400","11,200","10,500","8,800","8,400","5,600","4,300","2,500","1,300"
E08000024,England,North East,Sunderland,"274,200","13,800","15,200","16,000","14,600","15,100","17,000","18,000","17,100","15,700","16,800","19,500","20,000","18,900","16,100","15,500","10,200","7,700","4,500","2,200"
E12000002,England,North West,North West,"7,417,300","407,700","445,000","452,400","430,900","453,700","476,800","505,900","485,600","444,800","458,300","513,500","512,500","443,700","375,900","379,500","269,800","190,500","110,900","59,600"
E06000008,England,North West,Blackburn with Darwen,"154,800","10,100","11,200","11,700","10,900","9,500","10,100","10,600","10,800","10,000","9,900","10,300","9,400","8,000","6,700","6,200","4,100","2,900","1,700",900
E06000009,England,North West,Blackpool,"141,100","7,400","7,900","7,900","7,400","7,400","8,600","9,500","8,500","7,700","8,600","10,500","11,000","9,400","7,700","7,900","5,800","4,200","2,400","1,300"
E06000049,England,North West,Cheshire East,"398,800","19,900","22,100","22,900","19,700","17,600","21,700","24,300","24,500","23,900","26,400","30,300","30,500","25,600","22,300","24,400","18,000","12,500","7,600","4,400"
E06000050,England,North West,Cheshire West and Chester,"357,200","17,600","19,800","20,300","18,700","19,700","21,300","22,500","22,400","20,900","22,900","26,000","26,600","22,700","19,800","20,600","15,000","10,700","6,200","3,600"
E06000006,England,North West,Halton,"128,200","7,000","7,900","8,100","7,100","6,700","7,900","8,500","8,500","8,000","8,300","9,100","9,100","8,200","7,200","7,100","4,300","2,900","1,600",800
E06000007,England,North West,Warrington,"210,900","10,600","12,400","12,800","11,100","10,500","12,500","13,900","14,200","13,700","14,300","16,100","15,900","12,800","10,700","10,700","8,200","5,800","3,100","1,600"
E10000006,England,North West,Cumbria,"499,800","22,400","25,300","26,800","24,800","23,600","27,800","28,400","28,000","26,300","30,400","37,900","40,000","36,700","32,000","33,700","23,800","16,800","9,900","5,400"
E07000026,England,North West,Allerdale,"96,100","4,400","4,900","5,400","4,600","4,400","5,200","5,200","5,200","5,000","5,800","7,600","7,600","7,100","6,300","6,700","4,500","3,300","1,900","1,100"
E07000027,England,North West,Barrow-in-Furness,"67,400","3,500","3,700","3,700","3,500","3,700","4,400","4,400","4,000","3,500","4,000","5,000","5,100","4,400","3,800","4,100","3,000","2,100","1,100",600
E07000028,England,North West,Carlisle,"110,000","5,400","6,100","6,000","5,600","5,800","6,800","6,900","6,800","6,100","6,800","7,800","8,300","7,700","6,500","6,500","4,500","3,300","2,100","1,000"
E07000029,England,North West,Copeland,"67,100","3,100","3,600","3,600","3,200","3,200","3,800","3,900","3,800","3,500","4,100","5,000","5,600","5,100","4,300","4,400","3,000","2,100","1,200",600
E07000030,England,North West,Eden,"54,700","2,200","2,600","2,800","2,600","2,300","2,600","2,800","2,800","2,800","3,400","4,400","4,800","4,400","3,900","4,000","2,800","2,000","1,200",600
E07000031,England,North West,South Lakeland,"104,500","3,900","4,400","5,200","5,200","4,200","4,900","5,300","5,400","5,400","6,400","8,000","8,700","8,100","7,200","8,000","6,000","4,100","2,500","1,500"
E11000001,England,North West,Greater Manchester (Met County),"2,867,800","173,400","187,100","188,900","175,000","189,900","202,700","213,000","202,500","182,800","177,900","189,100","179,800","151,200","125,400","125,100","88,600","61,700","35,100","18,500"
E08000001,England,North West,Bolton,"296,000","18,500","20,400","20,800","18,300","16,600","17,800","20,000","19,900","18,500","18,800","20,100","19,200","16,200","13,900","14,200","10,100","6,800","3,800","2,000"
E08000002,England,North West,Bury,"193,800","11,200","12,500","12,800","11,200","9,600","11,500","13,500","13,400","12,100","12,500","13,400","13,500","11,300","9,400","10,000","7,000","4,800","2,800","1,400"
E08000003,England,North West,Manchester,"552,000","34,400","36,600","36,300","42,400","61,900","52,600","48,000","42,100","35,800","31,100","30,400","26,700","21,600","16,500","13,800","9,200","6,700","3,800","2,100"
E08000004,England,North West,Oldham,"242,100","16,000","17,400","18,100","16,300","14,100","15,000","16,700","16,200","15,100","14,800","16,100","15,000","12,600","10,800","10,600","7,600","5,300","2,800","1,500"
E08000005,England,North West,Rochdale,"223,800","14,600","15,500","15,700","13,500","12,200","14,100","15,900","15,300","14,100","14,000","15,100","14,400","12,500","10,900","10,300","7,000","4,600","2,600","1,500"
E08000006,England,North West,Salford,"269,900","17,300","16,700","16,100","15,500","22,700","26,400","24,400","20,500","16,300","15,000","15,400","15,000","12,700","9,700","10,000","6,900","5,000","2,900","1,500"
E08000007,England,North West,Stockport,"294,800","16,600","18,100","17,900","14,800","13,400","17,000","20,100","20,400","19,500","19,200","20,600","20,500","17,700","15,300","15,700","11,500","8,600","5,300","3,000"
E08000008,England,North West,Tameside,"231,100","13,700","14,700","14,900","12,500","11,900","14,900","16,600","15,700","14,400","14,700","16,600","16,300","13,800","11,300","11,600","8,000","5,300","2,900","1,500"
E08000009,England,North West,Trafford,"235,100","13,500","16,000","16,400","13,200","10,500","12,600","14,900","17,300","17,400","16,500","16,500","15,900","13,100","10,800","10,700","7,900","6,100","3,800","2,100"
E08000010,England,North West,Wigan,"329,300","17,800","19,300","19,800","17,400","17,100","20,800","22,900","21,700","19,600","21,400","25,000","23,200","19,700","16,900","18,300","13,500","8,500","4,300","2,100"
E10000017,England,North West,Lancashire,"1,235,300","63,700","71,000","73,400","73,500","72,900","71,000","77,000","75,000","70,600","75,900","87,800","89,000","78,200","67,600","70,900","51,000","35,000","20,500","11,300"
E07000117,England,North West,Burnley,"94,700","5,800","6,200","6,300","5,500","5,200","6,100","6,800","6,300","5,700","5,700","6,300","6,300","5,600","4,700","4,800","3,300","2,100","1,200",700
E07000118,England,North West,Chorley,"117,800","6,100","7,000","7,000","5,900","5,300","6,600","7,700","7,800","7,400","8,000","9,000","8,700","7,300","6,400","7,000","5,000","3,200","1,700",900
E07000119,England,North West,Fylde,"81,400","3,300","3,900","4,100","3,700","3,200","3,800","4,300","4,500","4,200","4,800","6,000","6,700","6,300","5,600","6,000","4,700","3,200","2,000","1,200"
E07000120,England,North West,Hyndburn,"82,200","4,900","5,300","5,300","5,000","4,500","5,400","5,700","5,200","4,700","5,100","5,900","5,500","4,800","4,000","4,200","3,000","2,000","1,100",600
E07000121,England,North West,Lancaster,"142,900","6,700","7,400","7,600","10,700","12,800","8,000","8,300","8,400","7,700","7,900","9,500","9,800","8,800","7,700","8,000","5,700","4,000","2,500","1,400"
E07000122,England,North West,Pendle,"95,800","5,900","6,600","6,800","5,800","5,200","5,600","6,400","6,500","5,800","5,900","6,300","6,100","5,600","4,800","4,900","3,300","2,200","1,300",700
E07000123,England,North West,Preston,"147,900","8,900","9,200","9,200","9,800","12,600","11,000","10,700","9,900","9,100","9,000","9,500","9,300","7,700","6,200","5,700","4,000","3,000","1,900","1,000"
E07000124,England,North West,Ribble Valley,"61,500","2,600","3,100","3,700","3,300","2,700","2,900","3,200","3,200","3,300","4,000","5,000","5,100","4,600","3,800","4,000","3,000","2,100","1,300",600
E07000125,England,North West,Rossendale,"70,800","3,800","4,400","4,600","3,800","3,300","4,100","4,600","4,400","4,300","4,700","5,500","5,300","4,500","3,900","4,000","2,600","1,600","1,000",500
E07000126,England,North West,South Ribble,"111,000","5,500","6,300","6,500","5,700","5,200","6,200","7,100","6,700","6,600","7,400","8,300","8,500","7,100","6,300","6,700","4,800","3,300","1,900","1,000"
E07000127,England,North West,West Lancashire,"117,400","5,200","6,000","6,500","8,900","8,100","5,900","6,500","6,300","6,100","7,100","8,500","8,900","7,600","6,700","7,100","5,300","3,700","2,000","1,100"
E07000128,England,North West,Wyre,"111,900","4,900","5,600","6,000","5,700","4,800","5,500","5,800","5,800","5,500","6,400","8,000","8,800","8,400","7,600","8,400","6,300","4,600","2,700","1,500"
E11000002,England,North West,Merseyside (Met County),"1,423,300","75,600","80,400","79,600","82,700","95,900","93,300","98,200","91,200","80,900","83,600","96,400","101,300","90,900","76,400","73,000","51,000","38,100","22,900","11,900"
E08000011,England,North West,Knowsley,"154,500","9,700","9,500","9,200","8,400","8,600","10,600","11,700","10,300","8,500","8,800","10,700","11,700","10,500","8,200","6,900","4,400","3,500","2,200","1,000"
E08000012,England,North West,Liverpool,"486,100","26,400","26,700","25,200","33,900","49,300","38,100","37,300","33,100","27,800","26,600","29,200","30,700","27,500","22,400","20,000","13,300","10,000","5,800","2,800"
E08000014,England,North West,Sefton,"279,300","13,500","15,100","15,300","14,000","13,500","15,200","17,100","16,800","15,600","16,700","20,100","21,700","19,800","16,900","16,500","12,400","9,600","6,000","3,300"
E08000013,England,North West,St. Helens,"183,200","9,700","10,300","10,600","9,400","9,400","11,500","12,300","11,700","10,700","11,800","13,400","13,300","11,500","10,000","10,500","7,500","5,200","3,000","1,400"
E08000015,England,North West,Wirral,"320,200","16,300","18,800","19,200","17,000","15,100","17,900","19,800","19,200","18,400","19,800","23,000","23,900","21,500","18,900","19,100","13,400","9,700","5,900","3,400"
E06000011,England,Yorkshire and Humber,East Riding of Yorkshire,"342,200","14,700","17,400","18,400","16,800","14,400","16,800","18,000","18,000","18,000","21,500","25,600","27,100","24,900","23,100","25,400","17,900","12,700","7,400","4,000"
E06000010,England,Yorkshire and Humber,"Kingston upon Hull, City of","267,100","16,000","17,300","16,700","15,500","19,400","20,200","20,800","18,700","15,800","16,300","17,300","17,200","14,900","12,200","11,400","7,100","5,300","3,200","1,600"
E06000012,England,Yorkshire and Humber,North East Lincolnshire,"156,900","8,500","9,500","9,600","8,400","8,000","9,300","10,400","9,500","8,400","9,500","11,100","11,800","10,200","8,700","8,900","6,200","4,700","2,900","1,400"
E06000013,England,Yorkshire and Humber,North Lincolnshire,"169,700","8,400","9,600","10,100","8,900","8,100","9,700","10,600","10,300","9,300","10,400","12,500","13,000","11,400","10,000","10,200","7,300","5,000","3,100","1,600"
E06000014,England,Yorkshire and Humber,York,"202,800","8,600","9,900","10,300","15,200","20,400","13,000","12,900","12,500","11,900","11,900","13,300","13,000","11,300","9,800","10,500","7,500","5,500","3,400","2,000"
E10000023,England,Yorkshire and Humber,North Yorkshire,"615,400","27,800","31,200","33,700","32,000","26,100","31,300","33,700","33,200","33,300","37,900","46,600","49,700","45,200","40,000","42,200","30,400","21,200","12,900","7,100"
E07000163,England,Yorkshire and Humber,Craven,"56,900","2,400","2,700","3,000","2,600","2,300","2,600","2,800","2,800","3,000","3,500","4,500","4,700","4,500","4,100","4,200","3,100","2,100","1,400",700
E07000164,England,Yorkshire and Humber,Hambleton,"90,700","3,800","4,400","4,500","4,300","3,900","4,400","4,600","4,500","4,600","5,200","6,900","7,800","7,000","6,300","6,700","4,900","3,500","2,100","1,100"
E07000165,England,Yorkshire and Humber,Harrogate,"162,700","7,300","8,400","9,700","9,700","6,500","7,900","8,700","9,300","9,700","10,700","12,700","12,900","11,200","9,500","10,200","7,400","5,500","3,400","2,000"
E07000166,England,Yorkshire and Humber,Richmondshire,"49,700","2,300","2,600","2,700","3,000","2,600","3,100","2,800","2,700","2,500","2,800","3,600","3,800","3,600","3,100","3,300","2,300","1,600",900,500
E07000167,England,Yorkshire and Humber,Ryedale,"54,700","2,300","2,700","2,800","2,700","2,200","2,500","2,700","2,800","2,700","3,300","4,100","4,600","4,200","4,000","4,100","3,000","2,100","1,300",700
E07000168,England,Yorkshire and Humber,Scarborough,"108,800","4,700","5,300","5,600","5,200","4,700","5,500","6,000","5,500","5,200","6,300","7,700","8,700","8,500","7,800","8,300","5,900","4,100","2,400","1,400"
E07000169,England,Yorkshire and Humber,Selby,"92,000","4,900","5,200","5,400","4,600","4,000","5,300","6,000","5,700","5,500","6,100","7,100","7,100","6,200","5,200","5,400","3,700","2,400","1,500",700
E11000003,England,Yorkshire and Humber,South Yorkshire (Met County),"1,375,100","75,200","80,500","81,600","80,300","93,600","93,300","95,600","87,800","79,200","82,900","96,300","93,100","81,100","68,800","68,200","50,600","35,300","20,900","10,800"
E08000016,England,Yorkshire and Humber,Barnsley,"244,600","13,500","14,400","14,400","12,300","12,400","16,100","16,800","15,700","13,800","15,300","18,700","18,000","15,600","13,400","13,100","9,600","6,200","3,600","1,800"
E08000017,England,Yorkshire and Humber,Doncaster,"308,100","16,900","18,100","18,600","16,100","16,200","20,200","21,900","20,100","18,000","18,700","21,800","22,000","19,600","16,500","16,300","11,500","8,100","5,000","2,400"
E08000018,England,Yorkshire and Humber,Rotherham,"265,800","14,600","16,000","16,500","14,500","14,100","16,400","18,000","17,000","15,300","16,700","19,500","18,600","16,400","14,000","14,200","10,600","7,300","4,100","2,000"
E08000019,England,Yorkshire and Humber,Sheffield,"556,500","30,200","32,000","32,100","37,500","50,900","40,500","38,900","35,000","32,100","32,200","36,300","34,500","29,500","24,800","24,600","18,900","13,700","8,200","4,600"
E11000006,England,Yorkshire and Humber,West Yorkshire (Met County),"2,351,600","139,400","150,600","152,300","145,900","157,600","157,300","165,300","159,700","147,900","147,600","158,000","149,100","128,500","108,100","107,700","74,100","53,000","32,100","17,500"
E08000032,England,Yorkshire and Humber,Bradford,"546,400","36,100","39,600","41,400","37,800","33,100","34,500","38,000","38,200","35,700","33,800","34,300","32,200","28,800","24,100","22,400","14,400","11,100","7,100","3,900"
E08000033,England,Yorkshire and Humber,Calderdale,"206,600","11,300","12,800","13,300","11,600","10,100","12,000","12,900","13,000","12,600","13,800","15,800","15,100","12,900","10,900","11,100","7,700","5,000","2,900","1,700"
E08000034,England,Yorkshire and Humber,Kirklees,"433,300","25,200","27,600","28,600","26,900","25,800","26,500","28,400","28,100","27,200","28,100","30,900","28,600","24,500","21,000","21,400","14,900","10,300","5,900","3,300"
E08000035,England,Yorkshire and Humber,Leeds,"812,000","46,800","49,600","48,200","51,800","70,500","60,600","60,600","56,600","51,700","49,100","50,800","48,200","40,700","33,700","34,300","24,000","17,600","11,100","6,100"
E08000036,England,Yorkshire and Humber,Wakefield,"353,300","20,100","21,000","20,800","17,900","18,000","23,700","25,300","23,700","20,700","22,800","26,300","25,000","21,500","18,400","18,500","13,200","8,900","5,100","2,500"
E06000015,England,East Midlands,Derby,"261,400","15,200","16,900","17,000","16,400","18,600","18,400","18,300","18,200","16,500","16,400","17,200","16,200","13,300","11,300","11,100","8,100","6,200","3,900","2,200"
E06000016,England,East Midlands,Leicester,"368,600","22,300","24,800","25,600","28,300","36,100","27,300","27,500","27,300","24,700","22,500","21,900","19,500","17,300","14,000","11,300","7,300","5,500","3,400","2,000"
E06000061,England,East Midlands,North Northamptonshire [note 3],"359,500","20,200","22,500","23,200","19,800","17,800","22,400","24,900","24,400","23,300","23,900","26,500","24,900","20,500","18,000","18,400","13,100","8,300","4,900","2,800"
E06000018,England,East Midlands,Nottingham,"323,700","17,800","19,200","18,800","31,700","43,700","24,300","24,200","21,200","18,400","17,600","17,900","17,000","13,900","10,900","9,800","6,900","5,100","3,300","2,000"
E06000017,England,East Midlands,Rutland,"41,000","1,700","2,000","2,500","2,800","1,800","2,100","2,200","2,200","2,300","2,400","3,000","2,900","2,700","2,500","2,800","2,100","1,500",900,500
E06000062,England,East Midlands,West Northamptonshire [note 4],"425,700","24,000","26,400","26,900","23,900","24,200","27,300","30,800","29,700","28,500","28,800","30,200","28,900","23,500","19,800","20,500","14,300","9,300","5,600","3,200"
E10000007,England,East Midlands,Derbyshire,"794,600","38,300","43,100","44,700","39,100","38,000","46,400","48,300","46,300","45,300","52,000","62,200","61,800","53,400","46,700","48,600","36,200","23,200","13,600","7,300"
E07000032,England,East Midlands,Amber Valley,"126,200","6,100","6,700","7,100","6,000","6,000","7,200","7,500","7,200","7,200","8,400","9,900","9,800","8,400","7,500","8,200","5,900","3,700","2,100","1,200"
E07000033,England,East Midlands,Bolsover,"80,300","4,100","4,500","4,500","3,900","4,200","5,300","5,400","5,000","4,400","5,200","6,400","6,000","5,300","4,400","4,400","3,500","2,100","1,200",600
E07000034,England,East Midlands,Chesterfield,"103,600","5,100","5,600","5,800","4,900","5,300","6,600","6,500","6,100","6,000","6,700","7,700","7,900","6,900","6,000","6,000","4,500","3,000","1,800","1,000"
E07000035,England,East Midlands,Derbyshire Dales,"71,500","2,600","3,300","3,800","3,500","2,800","3,000","3,100","3,200","3,700","4,700","5,900","6,300","5,700","5,100","5,500","4,100","2,700","1,600",900
E07000036,England,East Midlands,Erewash,"112,900","5,500","6,400","6,300","5,700","5,700","7,000","7,600","7,000","6,600","7,400","8,800","8,500","7,000","6,100","6,400","4,800","3,200","2,000","1,000"
E07000037,England,East Midlands,High Peak,"90,900","4,300","4,800","5,200","4,400","4,200","4,800","5,400","5,300","5,200","5,900","7,400","7,600","6,700","5,500","5,600","4,000","2,600","1,400",800
E07000038,England,East Midlands,North East Derbyshire,"102,000","4,800","5,400","5,500","4,800","4,600","5,600","5,700","5,600","5,600","6,300","7,700","7,800","7,100","6,400","6,900","5,500","3,500","2,000","1,000"
E07000039,England,East Midlands,South Derbyshire,"107,200","5,800","6,400","6,700","5,700","5,200","6,900","7,200","6,900","6,700","7,300","8,400","7,800","6,300","5,700","5,600","4,000","2,500","1,500",800
E10000018,England,East Midlands,Leicestershire,"712,300","36,000","40,000","40,900","42,300","41,200","40,700","44,400","44,100","42,400","45,600","52,000","50,500","44,100","38,700","40,700","29,900","20,000","12,200","6,600"
E07000129,England,East Midlands,Blaby,"102,900","5,700","6,200","6,100","5,300","4,800","6,100","6,900","6,800","6,400","6,600","7,400","7,100","6,300","5,400","5,800","4,200","3,000","1,800",900
E07000130,England,East Midlands,Charnwood,"183,900","9,200","9,900","9,900","13,700","16,100","11,000","11,800","11,600","10,700","11,000","12,300","11,700","10,500","9,300","9,300","6,900","4,600","2,900","1,600"
E07000131,England,East Midlands,Harborough,"97,600","4,700","5,400","5,900","5,400","4,300","5,000","5,500","5,700","5,900","6,700","7,700","7,500","6,400","5,500","5,900","4,400","3,000","1,800","1,000"
E07000132,England,East Midlands,Hinckley and Bosworth,"113,600","5,700","6,400","6,500","5,600","5,000","6,600","7,200","7,100","6,700","7,400","8,500","8,200","7,300","6,600","7,200","5,200","3,400","1,900","1,100"
E07000133,England,East Midlands,Melton,"51,800","2,400","2,800","3,000","2,500","2,300","2,600","2,900","2,800","2,900","3,200","4,200","4,300","3,600","3,200","3,400","2,400","1,500","1,000",500
E07000134,England,East Midlands,North West Leicestershire,"104,700","5,400","5,900","6,100","5,400","5,800","6,200","6,700","6,500","6,300","7,200","8,100","7,600","6,400","5,600","6,100","4,400","2,700","1,500",800
E07000135,England,East Midlands,Oadby and Wigston,"57,700","2,900","3,500","3,500","4,200","2,900","3,200","3,500","3,600","3,500","3,400","3,900","3,900","3,500","3,000","3,000","2,400","1,900","1,300",700
E10000019,England,East Midlands,Lincolnshire,"768,400","35,800","41,200","42,800","41,400","43,400","42,900","45,400","43,200","41,700","46,700","55,000","57,300","51,200","46,200","49,700","37,200","24,700","14,300","8,000"
E07000136,England,East Midlands,Boston,"70,500","3,600","4,200","4,300","3,800","3,600","4,300","4,800","4,700","4,200","4,600","4,800","4,900","4,300","3,800","3,800","2,900","2,000","1,200",700
E07000137,England,East Midlands,East Lindsey,"142,300","5,600","6,500","7,300","6,400","5,900","6,600","6,900","6,300","6,300","7,700","10,200","11,700","11,500","11,100","12,200","9,200","5,800","3,200","1,800"
E07000138,England,East Midlands,Lincoln,"103,900","5,100","5,400","5,300","8,800","13,600","7,900","7,700","6,500","5,800","5,600","6,000","6,000","5,000","4,100","4,000","2,800","2,000","1,300",800
E07000139,England,East Midlands,North Kesteven,"118,000","5,500","6,600","6,600","5,900","5,500","6,600","7,100","6,900","6,500","7,500","9,000","9,000","7,600","6,700","7,600","5,800","4,100","2,200","1,200"
E07000140,England,East Midlands,South Holland,"95,100","4,700","5,100","5,200","4,600","4,500","5,200","5,800","5,500","5,300","6,100","6,900","7,200","6,200","5,600","6,200","4,500","3,200","1,900","1,100"
E07000141,England,East Midlands,South Kesteven,"143,400","6,800","8,100","8,800","7,400","6,100","7,500","8,100","8,100","8,400","9,500","10,900","10,900","9,600","8,600","9,100","6,900","4,400","2,600","1,600"
E07000142,England,East Midlands,West Lindsey,"95,200","4,400","5,300","5,300","4,700","4,100","4,800","5,100","5,200","5,000","5,700","7,200","7,600","6,900","6,300","6,700","5,000","3,200","1,800",900
E10000024,England,East Midlands,Nottinghamshire,"824,800","41,900","47,200","47,800","41,700","41,700","49,300","53,100","51,500","49,100","52,300","60,800","61,000","52,200","45,700","47,900","35,700","23,900","14,200","7,900"
E07000170,England,East Midlands,Ashfield,"126,300","6,800","7,700","7,600","6,500","6,400","7,900","8,600","8,000","7,500","8,100","9,500","9,200","7,700","6,600","6,700","5,300","3,400","1,800","1,000"
E07000171,England,East Midlands,Bassetlaw,"117,800","6,000","6,600","6,600","5,800","5,700","6,900","7,200","6,800","6,600","7,500","8,900","9,200","7,800","6,800","7,300","5,400","3,500","2,000","1,100"
E07000172,England,East Midlands,Broxtowe,"110,900","5,300","6,100","6,000","5,700","6,300","7,100","7,500","7,000","6,500","6,800","7,800","7,900","6,800","6,000","6,700","4,900","3,400","2,100","1,100"
E07000173,England,East Midlands,Gedling,"117,300","6,000","6,700","6,800","5,700","5,300","6,900","7,600","7,500","7,300","7,500","8,700","8,600","7,400","6,600","6,900","4,900","3,600","2,200","1,100"
E07000174,England,East Midlands,Mansfield,"110,500","6,000","6,600","6,600","5,400","5,500","7,200","7,900","7,700","6,600","6,800","7,900","8,200","7,000","5,900","5,700","4,300","2,800","1,700",900
E07000175,England,East Midlands,Newark and Sherwood,"122,900","6,100","6,700","6,900","6,300","6,100","7,200","7,500","7,200","6,900","7,800","9,200","9,300","8,200","7,200","7,700","5,700","3,700","2,100","1,200"
E07000176,England,East Midlands,Rushcliffe,"119,000","5,900","6,900","7,300","6,400","6,300","6,100","6,800","7,400","7,800","8,000","8,700","8,600","7,300","6,500","6,900","5,200","3,500","2,300","1,400"
E06000019,England,West Midlands,"Herefordshire, County of","187,100","8,400","9,500","10,100","9,100","8,200","9,600","10,500","10,300","9,800","11,200","13,600","14,600","13,600","12,500","13,000","9,700","6,700","4,100","2,400"
E06000051,England,West Midlands,Shropshire,"323,600","14,400","16,300","17,300","16,900","15,100","16,900","18,000","17,300","16,700","20,000","24,300","25,500","23,000","20,800","21,900","17,000","11,500","6,800","4,000"
E06000021,England,West Midlands,Stoke-on-Trent,"258,400","15,600","17,000","16,800","15,100","17,000","17,100","19,100","17,600","15,500","15,600","16,900","16,300","14,400","12,300","11,900","8,700","6,000","3,500","1,900"
E06000020,England,West Midlands,Telford and Wrekin,"185,600","10,600","11,900","12,100","10,900","11,000","11,800","12,700","12,100","11,200","12,100","13,500","12,600","10,400","9,200","9,100","6,500","4,300","2,400","1,200"
E10000028,England,West Midlands,Staffordshire,"876,100","43,700","47,700","48,900","45,500","45,500","51,000","54,700","52,300","49,800","55,600","66,100","64,600","56,600","49,900","52,800","40,700","27,200","15,300","8,200"
E07000192,England,West Midlands,Cannock Chase,"100,500","5,600","5,700","5,700","5,100","5,200","6,700","7,100","6,400","5,600","6,400","7,800","7,500","6,100","5,300","5,300","4,000","2,700","1,400",800
E07000193,England,West Midlands,East Staffordshire,"124,000","7,000","7,500","7,600","6,800","6,500","8,100","8,700","8,100","7,600","7,900","9,000","8,700","7,600","6,200","6,200","4,700","3,100","1,900","1,000"
E07000194,England,West Midlands,Lichfield,"106,400","5,200","5,700","5,800","5,400","5,100","6,000","6,100","6,000","6,100","6,900","8,100","7,900","6,700","6,200","6,900","5,800","3,700","1,900","1,000"
E07000195,England,West Midlands,Newcastle-under-Lyme,"123,300","5,800","6,500","6,500","7,700","8,600","6,900","7,500","7,200","6,900","7,500","8,800","8,800","7,900","6,800","7,300","5,300","3,800","2,300","1,200"
E07000196,England,West Midlands,South Staffordshire,"110,500","4,900","5,500","5,600","5,200","5,400","5,900","6,200","6,200","5,900","6,800","8,400","8,800","7,900","6,900","7,400","6,000","4,100","2,300","1,200"
E07000197,England,West Midlands,Stafford,"136,800","6,700","7,400","7,700","6,400","6,300","7,800","8,500","8,200","8,100","8,800","10,300","10,100","8,900","7,900","8,400","6,700","4,500","2,500","1,500"
E07000198,England,West Midlands,Staffordshire Moorlands,"95,800","4,100","4,800","5,200","4,800","4,100","4,600","5,000","5,000","4,900","6,100","7,800","7,600","6,800","6,300","7,000","5,200","3,500","1,900","1,100"
E07000199,England,West Midlands,Tamworth,"78,600","4,400","4,700","4,900","4,200","4,200","5,100","5,600","5,200","4,700","5,200","5,800","5,200","4,700","4,300","4,200","3,000","1,800","1,000",500
E10000031,England,West Midlands,Warwickshire,"596,800","31,000","34,000","34,600","32,000","31,900","35,900","40,100","38,200","36,500","38,600","43,100","42,300","35,900","31,000","32,600","25,700","17,300","10,200","5,900"
E07000218,England,West Midlands,North Warwickshire,"65,000","3,200","3,600","3,600","3,200","3,100","3,700","4,100","3,800","3,600","4,200","5,100","5,100","4,400","3,700","4,000","2,900","1,900","1,100",600
E07000219,England,West Midlands,Nuneaton and Bedworth,"134,200","7,800","8,200","8,200","6,900","7,100","8,700","9,700","8,900","8,100","8,400","9,600","9,200","7,900","6,900","7,000","5,300","3,500","2,000","1,000"
E07000220,England,West Midlands,Rugby,"114,400","6,400","7,100","7,200","6,200","5,500","7,300","8,400","8,200","7,700","7,700","8,100","7,700","6,200","5,100","5,400","4,500","3,000","1,700","1,000"
E07000221,England,West Midlands,Stratford-on-Avon,"134,700","6,200","6,900","7,500","6,400","5,400","6,700","7,500","7,400","7,700","8,800","10,300","10,600","9,300","8,300","9,000","7,200","4,800","2,900","1,700"
E07000222,England,West Midlands,Warwick,"148,500","7,400","8,200","8,100","9,300","10,800","9,500","10,500","9,900","9,500","9,500","10,000","9,700","8,000","7,100","7,200","5,700","4,000","2,500","1,500"
E11000005,England,West Midlands,West Midlands (Met County),"2,919,600","182,000","198,600","200,000","196,100","204,900","197,100","208,200","200,000","185,700","178,800","190,800","175,200","147,300","122,300","115,000","89,000","65,400","40,700","22,500"
E08000025,England,West Midlands,Birmingham,"1,144,900","75,000","81,300","83,100","86,400","93,200","82,600","84,800","80,600","74,000","68,000","69,900","62,700","52,600","42,600","37,300","28,100","21,000","13,600","7,900"
E08000026,England,West Midlands,Coventry,"345,300","20,400","22,000","22,100","25,400","31,600","24,500","25,500","24,100","21,800","20,300","21,400","19,600","16,300","13,400","12,700","10,000","7,300","4,400","2,600"
E08000027,England,West Midlands,Dudley,"323,500","18,200","19,800","19,300","17,800","17,000","20,400","21,400","20,200","18,900","20,100","23,500","22,200","18,600","16,800","17,000","13,800","9,700","5,800","2,900"
E08000028,England,West Midlands,Sandwell,"341,900","22,200","24,600","24,400","22,000","20,400","22,500","24,900","24,500","23,200","22,300","23,100","20,800","17,200","13,900","12,700","9,700","7,200","4,100","2,100"
E08000029,England,West Midlands,Solihull,"216,200","11,700","13,800","13,600","11,800","10,700","12,000","13,000","13,100","13,100","13,800","15,600","15,400","13,000","10,900","12,100","9,400","6,500","4,200","2,500"
E08000030,England,West Midlands,Walsall,"284,100","18,200","19,500","19,600","17,300","16,200","18,000","19,600","19,000","17,400","17,300","19,200","18,000","15,400","12,900","12,500","9,900","7,400","4,500","2,300"
E08000031,England,West Midlands,Wolverhampton,"263,700","16,300","17,700","18,000","15,400","15,800","17,100","18,900","18,400","17,400","17,000","18,100","16,400","14,100","11,800","10,800","8,100","6,300","4,000","2,300"
E10000034,England,West Midlands,Worcestershire,"603,600","29,600","33,300","34,600","31,900","29,900","33,500","36,500","35,400","35,300","38,300","44,500","44,300","38,500","35,600","37,500","28,200","19,000","11,300","6,400"
E07000234,England,West Midlands,Bromsgrove,"99,200","5,200","5,700","6,100","5,300","4,300","4,800","5,500","5,800","6,000","6,600","7,500","7,400","6,300","5,700","5,800","4,700","3,200","2,100","1,300"
E07000235,England,West Midlands,Malvern Hills,"79,400","3,100","3,900","4,400","4,200","3,300","3,500","3,700","3,700","4,100","4,800","6,000","6,500","6,000","5,400","6,000","4,500","3,200","2,000","1,100"
E07000236,England,West Midlands,Redditch,"87,000","5,000","5,400","5,400","4,600","4,500","5,700","6,400","6,000","5,800","5,500","5,800","5,600","5,100","4,800","4,700","3,200","1,900","1,000",600
E07000237,England,West Midlands,Worcester,"103,900","5,300","5,800","6,000","6,300","7,500","7,100","7,400","6,900","6,500","6,700","7,400","7,100","5,700","5,000","4,900","3,600","2,500","1,600",800
E07000238,England,West Midlands,Wychavon,"132,500","6,200","6,900","7,100","6,500","5,700","6,900","7,600","7,400","7,400","8,400","10,100","10,300","9,000","8,400","9,000","6,700","4,600","2,600","1,600"
E07000239,England,West Midlands,Wyre Forest,"101,600","4,800","5,500","5,600","5,000","4,700","5,400","5,900","5,600","5,500","6,400","7,700","7,500","6,400","6,300","7,200","5,600","3,500","2,000","1,000"
E06000055,England,East of England,Bedford,"185,300","11,200","11,700","12,000","10,300","10,000","11,900","13,600","13,300","13,000","12,300","13,000","12,000","10,000","8,400","8,400","5,900","4,200","2,700","1,600"
E06000056,England,East of England,Central Bedfordshire,"294,200","17,800","18,500","17,900","14,800","14,000","18,000","21,200","20,800","19,500","19,400","21,100","21,000","17,500","14,400","14,700","10,600","6,900","4,100","2,200"
E06000032,England,East of England,Luton,"225,300","16,000","16,700","16,700","15,100","15,600","16,500","17,900","17,700","16,500","14,100","13,800","12,400","10,000","7,800","6,400","4,800","3,900","2,400","1,200"
E06000031,England,East of England,Peterborough,"215,700","14,200","15,700","15,500","12,500","11,700","15,300","17,300","17,300","15,300","13,900","13,700","12,300","10,400","8,600","8,100","5,700","4,100","2,600","1,500"
E06000033,England,East of England,Southend-on-Sea,"180,700","10,200","10,900","11,100","9,200","9,400","11,200","11,900","12,200","12,200","12,300","12,500","12,500","10,400","8,800","9,200","6,800","4,700","3,100","1,900"
E06000034,England,East of England,Thurrock,"176,000","12,300","12,700","12,400","10,500","9,500","11,800","14,100","13,800","12,500","11,700","11,800","10,800","8,400","6,700","6,800","4,400","3,100","1,800","1,100"
E10000003,England,East of England,Cambridgeshire,"678,600","34,500","38,700","38,800","38,500","43,900","46,200","47,800","45,700","44,200","44,500","46,700","44,900","37,800","33,100","34,200","25,300","17,300","10,400","6,200"
E07000008,England,East of England,Cambridge,"145,700","6,300","6,700","6,600","11,500","20,400","16,300","13,500","10,500","9,100","8,000","7,800","6,900","5,300","4,600","4,100","3,100","2,300","1,500","1,000"
E07000009,England,East of England,East Cambridgeshire,"87,700","4,500","5,300","5,500","4,400","3,600","4,700","5,500","5,800","5,900","6,200","6,500","6,200","5,300","4,700","5,000","3,600","2,500","1,500",900
E07000010,England,East of England,Fenland,"102,500","5,200","5,800","5,600","5,000","5,100","6,200","6,500","6,200","5,700","6,200","7,400","7,500","6,600","6,200","6,300","4,700","3,200","1,900","1,100"
E07000011,England,East of England,Huntingdonshire,"180,800","9,700","10,600","10,400","8,800","8,500","10,700","12,200","12,100","11,600","12,200","13,300","13,100","11,200","9,600","10,200","7,500","4,900","2,700","1,600"
E07000012,England,East of England,South Cambridgeshire,"162,000","8,800","10,400","10,600","8,700","6,300","8,300","10,100","11,100","11,800","11,900","11,800","11,200","9,300","8,100","8,500","6,400","4,400","2,700","1,700"
E10000012,England,East of England,Essex,"1,503,300","83,100","89,000","90,200","79,700","78,100","88,500","97,300","95,400","93,100","96,400","107,800","104,700","90,100","78,000","85,300","62,200","42,600","26,600","15,200"
E07000066,England,East of England,Basildon,"187,600","12,200","12,500","12,000","10,200","9,700","12,300","14,000","13,100","12,100","11,900","13,000","12,300","10,500","8,400","8,800","6,100","4,400","2,800","1,400"
E07000067,England,East of England,Braintree,"155,200","8,500","9,000","9,400","8,200","7,500","9,200","9,900","9,700","9,500","10,500","11,900","11,100","9,300","8,400","9,000","6,300","4,200","2,400","1,400"
E07000068,England,East of England,Brentwood,"77,000","4,300","4,600","4,500","3,900","3,600","4,700","5,200","5,000","5,000","5,000","5,600","5,600","4,500","3,800","4,000","2,900","2,200","1,600","1,000"
E07000069,England,East of England,Castle Point,"89,600","4,300","4,800","5,100","4,600","4,500","4,800","5,000","5,000","4,900","5,400","6,400","6,400","5,700","5,300","6,400","4,800","3,300","1,900",900
E07000070,England,East of England,Chelmsford,"181,500","9,900","10,800","11,000","9,800","9,100","11,500","12,300","12,300","12,100","12,400","12,900","12,100","10,200","8,800","9,700","7,000","4,900","3,100","1,800"
E07000071,England,East of England,Colchester,"192,700","10,800","11,800","11,600","11,300","13,900","12,600","13,500","12,900","12,600","12,400","13,000","12,000","10,000","8,600","9,700","6,900","4,600","2,800","1,700"
E07000072,England,East of England,Epping Forest,"135,000","7,900","7,700","7,900","7,000","6,800","7,600","8,900","9,000","9,100","8,900","10,000","9,900","8,100","6,700","7,000","5,200","3,600","2,300","1,500"
E07000073,England,East of England,Harlow,"93,300","6,300","6,600","6,300","5,100","4,900","6,400","7,700","7,500","6,500","5,600","6,000","5,800","5,000","4,000","3,400","2,400","1,800","1,200",700
E07000074,England,East of England,Maldon,"66,200","3,100","3,400","3,600","3,400","3,100","3,300","3,400","3,400","3,500","4,200","5,300","5,200","4,800","4,200","4,700","3,400","2,200","1,300",700
E07000075,England,East of England,Rochford,"85,600","4,300","4,600","5,200","4,500","4,200","4,500","4,700","4,900","5,000","5,600","6,600","6,300","5,500","4,700","5,500","4,100","2,800","1,800",900
E07000076,England,East of England,Tendring,"148,100","6,700","7,500","7,800","6,900","6,800","7,200","7,600","6,900","6,900","8,100","10,100","11,100","10,800","10,300","12,100","9,200","6,300","3,800","2,200"
E07000077,England,East of England,Uttlesford,"91,300","5,000","5,700","5,900","5,000","3,900","4,400","5,200","5,700","6,000","6,300","7,100","6,800","5,900","4,800","5,000","3,700","2,400","1,600","1,000"
E10000015,England,East of England,Hertfordshire,"1,198,800","70,200","76,500","78,500","66,400","61,600","71,800","81,300","84,700","85,800","84,200","85,300","81,700","66,500","53,200","53,200","38,900","28,600","19,200","11,200"
E07000095,England,East of England,Broxbourne,"99,000","6,000","6,200","6,300","5,500","5,200","6,100","7,000","7,100","6,700","6,400","7,200","6,800","5,500","4,300","4,500","3,400","2,500","1,600",900
E07000096,England,East of England,Dacorum,"155,100","9,600","9,900","10,000","8,000","7,100","9,100","10,900","11,100","11,000","10,700","10,800","10,700","9,100","7,300","7,000","5,000","3,700","2,500","1,500"
E07000242,England,East of England,East Hertfordshire,"150,100","8,300","8,900","9,800","8,200","7,000","8,900","9,600","9,700","10,100","11,000","11,400","11,000","8,900","7,100","7,500","5,200","3,700","2,500","1,300"
E07000098,England,East of England,Hertsmere,"107,800","6,300","6,900","7,100","6,100","5,400","6,200","6,800","7,600","7,800","7,500","7,600","7,500","6,000","4,900","5,000","3,700","2,700","1,800","1,100"
E07000099,England,East of England,North Hertfordshire,"133,200","7,500","8,200","8,300","6,700","5,900","7,600","8,700","9,000","9,400","9,500","9,500","9,400","7,800","6,500","6,700","5,000","3,700","2,500","1,400"
E07000240,England,East of England,St Albans,"148,200","8,600","10,300","11,100","8,300","5,900","7,400","8,700","9,800","11,600","11,800","11,300","10,000","7,900","6,400","6,600","4,900","3,700","2,500","1,500"
E07000243,England,East of England,Stevenage,"89,500","5,600","5,900","5,700","4,700","4,800","6,200","7,300","6,800","6,000","5,500","6,200","6,200","5,000","3,800","3,500","2,500","1,900","1,300",700
E07000102,England,East of England,Three Rivers,"93,800","5,100","6,000","6,500","5,300","4,400","4,800","5,500","6,300","6,900","6,900","6,900","6,700","5,400","4,400","4,500","3,300","2,300","1,600",900
E07000103,England,East of England,Watford,"102,300","6,500","6,800","6,700","5,500","5,300","7,700","8,800","9,000","8,300","7,300","6,800","5,800","4,600","3,600","3,300","2,400","1,800","1,100",700
E07000241,England,East of England,Welwyn Hatfield,"119,900","6,600","7,300","7,100","8,100","10,600","7,800","8,200","8,300","8,000","7,500","7,700","7,600","6,300","4,900","4,700","3,500","2,700","1,900","1,200"
E10000020,England,East of England,Norfolk,"916,200","42,500","48,400","49,000","46,900","50,800","52,600","55,200","52,800","50,500","55,300","63,200","65,700","59,500","55,500","60,900","45,600","31,100","19,500","11,300"
E07000143,England,East of England,Breckland,"141,500","6,800","7,700","7,700","6,700","6,700","8,100","8,500","7,800","7,700","8,600","10,100","10,500","9,300","8,800","9,700","7,300","4,900","3,000","1,700"
E07000144,England,East of England,Broadland,"131,700","5,900","6,800","7,200","6,300","5,500","6,500","7,200","7,400","7,600","8,600","9,900","10,000","8,800","8,200","9,200","6,900","5,000","3,100","1,700"
E07000145,England,East of England,Great Yarmouth,"99,800","5,000","5,400","5,700","5,100","5,000","5,700","6,000","5,600","5,300","6,000","7,100","7,400","6,600","6,200","6,600","5,000","3,200","1,900","1,100"
E07000146,England,East of England,King’s Lynn and West Norfolk,"154,300","7,300","8,400","8,300","7,200","7,200","8,600","9,100","8,600","8,000","9,100","10,700","11,400","10,500","9,800","10,800","8,200","5,700","3,500","1,900"
E07000147,England,East of England,North Norfolk,"103,000","3,700","4,400","4,800","4,400","3,900","4,300","4,600","4,600","4,500","5,500","7,100","8,100","8,600","8,300","9,500","7,000","4,700","3,100","1,800"
E07000148,England,East of England,Norwich,"144,000","6,900","7,600","7,300","10,300","16,500","12,100","11,700","10,400","9,000","8,200","8,200","7,800","6,400","5,800","5,600","4,100","2,800","1,900","1,200"
E07000149,England,East of England,South Norfolk,"141,900","7,000","8,100","8,100","6,900","6,000","7,300","8,200","8,500","8,300","9,200","10,100","10,500","9,200","8,400","9,400","7,100","4,800","3,000","1,800"
E10000029,England,East of England,Suffolk,"760,300","37,200","41,800","43,000","39,000","37,800","44,100","46,800","44,200","43,300","46,800","53,700","54,500","48,900","44,600","48,900","36,300","24,800","15,300","9,200"
E07000200,England,East of England,Babergh,"92,300","4,000","4,700","5,200","4,800","4,000","4,300","4,800","4,700","5,100","5,800","6,900","7,200","6,300","5,900","6,800","5,100","3,400","2,000","1,200"
E07000244,England,East of England,East Suffolk [note 5],"245,900","10,600","12,500","13,600","12,200","10,700","11,900","12,600","12,300","12,600","14,700","17,600","18,700","17,600","16,600","18,700","14,000","9,400","6,000","3,600"
E07000202,England,East of England,Ipswich,"139,700","8,300","9,000","8,800","8,100","8,000","9,900","10,800","10,200","9,400","8,900","9,200","8,600","7,400","6,300","6,000","4,300","3,100","2,100","1,300"
E07000203,England,East of England,Mid Suffolk,"102,700","4,500","5,200","5,600","5,200","4,600","5,400","5,700","5,500","5,500","6,400","7,600","8,100","7,300","6,700","7,300","5,200","3,500","2,100","1,200"
E07000245,England,East of England,West Suffolk [note 6],"179,800","9,800","10,300","9,800","8,800","10,500","12,600","12,900","11,600","10,700","10,900","12,300","12,000","10,200","9,100","10,100","7,700","5,400","3,100","1,900"
E13000001,England,London,Inner London,"3,404,300","188,700","179,900","181,300","179,200","278,200","406,600","377,300","297,100","248,800","219,500","210,500","184,300","138,400","99,300","81,200","55,800","41,100","23,700","13,500"
E09000007,England,London,Camden,"210,100","10,000","9,900","10,400","13,800","20,200","22,000","20,500","16,500","14,500","13,400","13,300","11,800","9,100","7,100","6,500","4,800","3,300","1,900","1,200"
E09000001,England,London,City of London,"8,600",200,200,200,200,"1,000","1,200","1,000",700,500,600,600,500,400,400,300,200,200,100,0
E09000012,England,London,Hackney,"259,200","16,200","15,200","15,400","14,100","18,600","31,500","31,900","23,600","18,600","15,500","14,600","13,400","10,100","7,000","5,500","3,400","2,400","1,400",800
E09000013,England,London,Hammersmith and Fulham,"183,200","9,100","8,800","9,000","8,200","17,000","23,400","19,400","14,800","12,800","12,200","11,900","10,200","7,400","5,700","5,000","3,500","2,500","1,400",800
E09000014,England,London,Haringey,"264,200","14,900","14,700","15,600","14,600","16,400","24,000","25,900","23,600","21,100","19,200","18,500","16,100","11,900","8,800","7,100","4,900","3,700","2,100","1,100"
E09000019,England,London,Islington,"216,600","11,200","10,000","9,900","10,700","18,500","28,800","27,300","19,000","14,800","12,600","12,900","11,800","8,800","6,400","5,400","3,600","2,600","1,500",800
E09000020,England,London,Kensington and Chelsea,"143,400","6,200","6,400","6,500","6,700","12,200","13,100","12,100","10,600","9,600","10,200","11,100","10,400","7,800","5,900","5,500","4,000","2,800","1,500","1,000"
E09000022,England,London,Lambeth,"317,600","15,300","14,900","15,500","14,900","26,800","45,300","36,600","26,400","22,400","20,400","20,500","18,200","13,200","9,000","6,900","4,600","3,600","2,000","1,200"
E09000023,England,London,Lewisham,"300,600","19,100","18,200","17,600","15,700","18,800","27,600","30,800","27,500","23,700","20,800","20,000","18,600","13,500","9,000","7,100","5,100","3,900","2,300","1,300"
E09000025,England,London,Newham,"351,100","23,900","23,300","23,300","22,100","28,300","36,000","36,700","32,500","27,400","22,800","20,500","16,300","12,800","9,100","6,300","4,000","3,200","1,700",800
E09000028,England,London,Southwark,"307,700","16,400","15,900","16,200","16,200","25,500","38,300","35,000","26,500","21,900","19,900","19,500","17,600","13,200","8,400","6,700","4,400","3,300","1,900","1,100"
E09000030,England,London,Tower Hamlets,"310,300","19,100","17,700","17,400","18,400","32,000","44,500","40,700","29,800","22,600","17,500","13,900","10,800","8,500","6,000","4,300","2,800","2,200","1,300",700
E09000032,England,London,Wandsworth,"327,500","18,700","16,900","15,700","13,100","23,800","47,700","38,500","29,300","24,600","20,800","18,800","16,200","12,100","9,100","8,300","5,700","4,200","2,500","1,500"
E09000033,England,London,Westminster,"204,300","8,500","7,900","8,600","10,700","19,400","23,300","20,900","16,100","14,100","13,800","14,400","12,400","9,600","7,300","6,300","4,700","3,200","2,000","1,200"
E13000002,England,London,Outer London,"5,395,500","340,300","351,600","354,100","310,200","311,000","379,900","431,000","438,700","418,500","374,500","363,300","327,300","266,300","207,000","188,000","133,900","99,900","63,200","37,000"
E09000002,England,London,Barking and Dagenham,"218,900","17,200","18,300","18,200","15,100","13,200","15,200","18,100","18,600","17,100","14,900","13,800","11,300","8,600","5,900","4,800","3,200","2,600","1,500","1,000"
E09000003,England,London,Barnet,"389,300","24,100","25,200","25,800","21,500","22,400","28,000","30,200","30,800","30,100","27,500","25,600","22,900","19,100","15,400","14,400","10,500","7,400","5,100","3,300"
E09000004,England,London,Bexley,"246,500","15,000","16,200","16,400","14,100","13,500","14,900","17,100","17,700","17,100","16,000","17,300","16,600","13,600","10,700","10,500","7,800","6,000","3,800","2,200"
E09000005,England,London,Brent,"339,800","20,000","19,800","20,900","20,600","24,600","29,300","29,800","27,700","25,400","23,100","22,800","19,900","16,400","12,300","9,600","7,000","5,500","3,300","1,800"
E09000006,England,London,Bromley,"330,000","19,500","20,600","20,900","17,200","14,700","18,300","22,400","24,800","25,100","23,700","23,900","22,400","18,300","14,500","15,400","11,200","8,200","5,600","3,400"
E09000008,England,London,Croydon,"390,800","25,200","25,000","25,400","22,300","21,600","27,500","31,600","31,200","28,600","26,000","27,100","25,800","20,300","15,300","13,800","9,700","7,200","4,600","2,500"
E09000009,England,London,Ealing,"367,100","21,500","22,200","23,600","21,800","22,600","28,900","30,800","30,800","29,700","26,400","24,700","21,900","17,600","13,600","11,400","8,000","6,000","3,600","1,900"
E09000010,England,London,Enfield,"330,000","21,300","22,800","24,100","21,300","19,100","21,200","23,100","24,000","24,600","22,700","22,700","21,100","17,100","12,800","11,200","8,200","6,500","4,100","2,300"
E09000011,England,London,Greenwich,"289,100","19,000","18,800","18,200","15,900","18,400","24,700","27,900","25,800","23,000","19,600","19,000","16,100","12,500","9,300","8,000","5,600","3,800","2,300","1,200"
E09000015,England,London,Harrow,"261,300","15,700","16,100","16,500","15,100","15,100","18,500","20,500","21,100","19,900","17,000","16,400","15,400","13,900","11,500","9,900","7,400","5,700","3,600","2,100"
E09000016,England,London,Havering,"262,000","16,500","16,900","16,000","14,400","14,100","16,900","19,300","19,200","17,400","16,200","17,400","17,000","14,800","11,900","12,100","8,700","6,500","4,400","2,600"
E09000017,England,London,Hillingdon,"305,900","19,900","20,500","20,000","18,600","19,800","20,800","23,700","24,900","23,500","20,300","19,900","18,100","14,900","11,700","10,500","7,400","5,800","3,800","2,100"
E09000018,England,London,Hounslow,"288,200","18,200","19,100","18,700","16,200","16,800","20,800","24,900","25,900","24,200","20,900","18,900","16,400","13,300","10,600","8,900","6,100","4,400","2,600","1,400"
E09000021,England,London,Kingston upon Thames,"168,000","9,600","10,500","10,600","9,400","11,200","11,000","12,300","13,000","13,500","12,700","11,600","10,200","8,200","6,700","6,600","4,500","3,200","1,900","1,300"
E09000024,England,London,Merton,"215,200","13,500","13,300","13,200","10,700","11,200","17,200","19,200","19,000","18,100","15,500","14,500","12,600","10,200","7,900","7,100","4,800","3,700","2,200","1,400"
E09000026,England,London,Redbridge,"310,300","21,200","21,700","21,400","19,300","19,000","21,700","24,900","26,200","24,800","21,100","19,400","17,000","14,500","11,300","9,600","6,600","5,200","3,300","1,900"
E09000027,England,London,Richmond upon Thames,"195,200","11,100","12,800","13,200","10,100","8,200","9,900","12,100","14,300","16,400","16,200","15,400","13,600","10,300","8,400","8,700","6,200","4,100","2,500","1,700"
E09000029,England,London,Sutton,"209,600","12,800","14,300","14,400","11,300","9,900","12,500","14,700","16,600","17,100","15,300","14,700","13,600","10,600","8,600","8,400","5,900","4,300","2,900","1,700"
E09000031,England,London,Waltham Forest,"278,400","19,000","17,400","16,600","15,100","15,600","22,500","28,500","27,100","23,100","19,300","18,100","15,500","12,100","8,800","7,200","5,100","3,900","2,200","1,200"
E06000036,England,South East,Bracknell Forest,"124,600","7,100","7,900","8,100","7,100","6,400","8,200","9,300","9,400","9,200","8,800","9,000","8,400","6,900","5,500","5,000","3,500","2,400","1,500",800
E06000043,England,South East,Brighton and Hove,"277,200","11,700","13,000","14,200","17,800","28,000","21,000","20,500","19,400","19,300","20,400","20,900","18,400","13,600","10,900","10,300","7,100","5,200","3,400","2,200"
E06000046,England,South East,Isle of Wight,"140,400","5,600","6,900","7,100","6,400","5,900","6,700","7,200","6,900","7,000","7,900","10,300","11,100","10,500","10,500","11,200","8,700","5,400","3,300","2,000"
E06000035,England,South East,Medway,"279,800","17,300","18,300","18,000","16,200","15,900","18,300","20,400","19,500","18,500","17,700","19,100","18,800","15,700","12,900","13,000","8,900","6,000","3,400","1,800"
E06000042,England,South East,Milton Keynes,"287,000","17,700","20,300","20,600","16,300","15,000","19,000","22,000","23,000","22,400","20,200","19,300","17,100","14,500","12,200","11,200","7,200","4,700","2,600","1,600"
E06000044,England,South East,Portsmouth,"208,100","11,300","12,100","11,600","14,500","20,100","15,400","16,000","14,900","12,500","12,200","13,400","12,800","10,500","8,300","8,200","5,900","4,100","2,700","1,500"
E06000038,England,South East,Reading,"174,200","10,200","10,500","10,200","11,000","14,700","14,600","15,600","14,600","12,800","11,300","10,700","9,500","7,400","5,800","5,300","4,000","2,900","1,800","1,100"
E06000039,England,South East,Slough,"158,500","11,800","12,700","12,800","9,900","8,900","10,700","12,900","14,500","13,700","11,100","9,600","7,900","6,600","5,100","3,800","2,500","2,000","1,200",700
E06000045,England,South East,Southampton,"249,000","13,800","14,400","13,800","16,800","26,200","20,700","20,200","18,300","16,400","14,600","14,000","13,800","11,700","9,600","9,000","6,600","4,400","2,800","1,800"
E06000037,England,South East,West Berkshire,"161,400","8,300","9,700","10,600","9,100","7,300","8,700","9,600","10,100","10,500","11,500","12,600","11,800","10,000","8,500","8,600","6,300","4,200","2,500","1,500"
E06000040,England,South East,Windsor and Maidenhead,"153,500","8,000","9,200","10,500","9,000","6,800","8,000","9,300","10,400","11,200","11,500","11,700","10,800","8,800","7,200","7,300","5,600","4,000","2,600","1,600"
E06000041,England,South East,Wokingham,"177,500","9,900","12,200","12,500","10,100","8,200","9,400","10,700","12,500","13,900","13,300","12,600","11,900","9,800","7,800","8,000","6,100","4,300","2,800","1,500"
E06000060,England,South East,Buckinghamshire [note 7],"553,100","30,900","35,200","36,800","30,800","25,600","30,200","34,200","36,400","38,200","38,500","40,700","39,300","32,700","26,800","27,100","20,400","14,700","9,300","5,400"
E10000011,England,South East,East Sussex,"545,800","25,000","28,700","30,600","27,600","24,300","26,600","29,500","29,000","29,600","33,500","39,900","41,600","37,500","34,600","38,500","28,800","19,800","12,700","8,100"
E07000061,England,South East,Eastbourne,"101,700","4,700","5,500","5,800","5,300","5,200","5,600","6,100","5,900","5,900","6,200","6,900","7,100","6,400","5,800","6,500","4,900","3,700","2,400","1,700"
E07000062,England,South East,Hastings,"91,100","4,800","5,200","5,300","4,700","4,500","5,400","6,000","5,700","5,500","5,900","7,000","6,900","5,800","5,200","5,100","3,500","2,300","1,400",900
E07000063,England,South East,Lewes,"99,900","4,500","5,300","5,800","5,200","4,100","4,300","5,200","5,400","5,600","6,300","7,400","7,500","6,800","6,400","7,000","5,300","3,700","2,500","1,600"
E07000064,England,South East,Rother,"93,100","3,700","4,200","4,800","4,300","3,800","3,900","4,100","4,000","4,200","5,000","6,500","7,400","7,000","6,900","8,300","6,200","4,300","2,800","1,700"
E07000065,England,South East,Wealden,"160,100","7,200","8,500","9,000","8,100","6,700","7,400","8,000","8,000","8,400","10,000","12,100","12,700","11,500","10,400","11,500","8,900","5,800","3,600","2,200"
E10000014,England,South East,Hampshire,"1,400,800","71,300","81,000","82,100","73,400","67,400","77,800","87,400","86,500","85,700","90,900","101,700","102,900","88,700","75,700","81,400","61,300","42,800","27,000","15,900"
E07000084,England,South East,Basingstoke and Deane,"185,200","10,600","11,600","11,200","9,100","9,200","11,900","13,700","13,200","12,700","12,900","13,700","13,000","10,400","8,500","8,900","6,400","4,300","2,500","1,400"
E07000085,England,South East,East Hampshire,"125,700","6,000","7,000","7,500","6,800","5,400","6,200","6,800","7,000","7,500","8,400","9,600","9,900","8,700","7,300","7,700","5,900","4,100","2,600","1,500"
E07000086,England,South East,Eastleigh,"136,400","7,600","8,500","8,400","6,900","6,400","8,300","9,500","9,300","9,000","8,800","9,500","9,300","8,100","7,000","7,100","5,100","3,800","2,300","1,400"
E07000087,England,South East,Fareham,"114,500","5,200","6,200","6,400","5,600","5,200","5,600","6,700","6,600","6,500","7,200","8,400","9,000","7,900","6,600","7,400","5,800","4,100","2,700","1,500"
E07000088,England,South East,Gosport,"81,900","4,200","4,700","4,900","4,200","4,200","4,900","5,200","5,100","4,700","5,000","5,800","6,000","5,400","4,500","4,800","3,500","2,300","1,500",900
E07000089,England,South East,Hart,"99,400","5,200","6,300","6,400","5,700","4,400","5,100","5,800","6,300","6,700","7,400","7,500","7,200","5,800","4,700","5,200","4,100","2,900","1,700","1,000"
E07000090,England,South East,Havant,"124,200","6,100","6,900","7,000","6,200","5,900","6,800","7,500","7,100","6,500","7,100","8,800","9,300","8,700","7,500","7,900","6,100","4,300","2,800","1,600"
E07000091,England,South East,New Forest,"175,800","7,200","8,600","9,400","8,300","7,100","7,700","8,500","8,600","9,000","10,200","12,600","14,000","12,800","12,200","13,500","10,400","7,400","4,900","3,200"
E07000092,England,South East,Rushmoor,"99,800","6,200","6,100","5,600","5,100","5,600","7,600","8,800","7,800","6,900","6,500","7,000","6,600","5,000","4,100","4,200","3,100","2,100","1,100",600
E07000093,England,South East,Test Valley,"130,500","6,900","7,800","7,600","6,300","5,700","7,300","8,300","8,200","8,200","8,800","9,700","9,600","8,200","6,900","7,600","5,700","3,800","2,400","1,300"
E07000094,England,South East,Winchester,"127,500","6,000","7,300","7,700","9,200","8,200","6,300","6,800","7,300","7,900","8,400","9,000","9,000","7,700","6,500","6,900","5,400","3,800","2,400","1,600"
E10000016,England,South East,Kent,"1,576,100","87,300","95,300","98,200","88,300","83,400","90,700","100,600","99,500","97,600","101,300","111,700","109,700","93,200","81,500","87,700","64,100","44,000","26,600","15,400"
E07000105,England,South East,Ashford,"132,700","7,600","8,300","8,600","7,300","6,500","8,000","8,800","8,300","8,200","8,500","10,000","9,300","7,500","6,700","7,200","5,400","3,500","2,100","1,100"
E07000106,England,South East,Canterbury,"157,400","6,800","7,700","8,400","12,600","15,800","8,700","8,400","8,300","8,200","9,000","9,900","10,200","9,100","8,500","9,400","6,900","4,700","2,800","1,900"
E07000107,England,South East,Dartford,"116,800","8,300","8,300","8,000","6,200","5,600","7,900","9,900","9,600","8,800","7,800","7,700","7,100","5,600","4,300","4,200","3,000","2,300","1,400",800
E07000108,England,South East,Dover,"116,400","5,700","6,500","6,800","6,000","5,400","6,600","6,900","6,600","6,300","6,700","8,100","8,800","8,100","7,400","7,700","5,700","3,700","2,200","1,200"
E07000109,England,South East,Gravesham,"106,900","6,600","7,100","7,100","6,200","5,700","6,500","7,600","7,500","6,900","6,800","7,500","7,200","5,700","4,800","4,900","3,600","2,600","1,700",800
E07000110,England,South East,Maidstone,"175,800","10,400","10,900","10,400","8,900","8,900","11,200","12,200","12,000","11,300","11,700","12,600","11,900","9,900","8,500","9,300","6,700","4,600","2,800","1,600"
E07000111,England,South East,Sevenoaks,"120,500","6,700","7,600","8,100","6,600","5,000","5,700","6,700","7,300","7,800","8,200","8,800","8,800","7,400","6,400","6,900","5,200","3,600","2,400","1,400"
E07000112,England,South East,Folkestone and Hythe [note 8],"109,800","5,100","5,800","6,200","5,200","5,200","5,800","6,200","5,900","6,200","6,700","8,000","8,400","7,600","6,900","7,800","5,600","3,700","2,200","1,300"
E07000113,England,South East,Swale,"151,700","8,900","9,400","9,600","8,200","8,000","9,400","10,500","10,000","9,300","9,400","10,600","10,700","8,900","7,600","8,300","5,800","3,800","2,100","1,200"
E07000114,England,South East,Thanet,"140,600","7,300","8,000","8,300","7,200","6,700","7,700","8,500","8,300","8,100","8,500","9,800","10,000","9,000","8,500","9,300","6,800","4,500","2,600","1,600"
E07000115,England,South East,Tonbridge and Malling,"132,200","7,700","8,500","8,700","7,500","5,800","7,100","8,100","8,300","8,700","9,400","9,900","9,400","7,700","6,300","6,800","5,100","3,600","2,200","1,200"
E07000116,England,South East,Tunbridge Wells,"115,300","6,200","7,100","8,100","6,500","4,800","6,000","6,800","7,300","7,800","8,500","9,000","8,100","6,700","5,500","5,900","4,500","3,100","2,100","1,300"
E10000025,England,South East,Oxfordshire,"725,300","38,000","41,000","43,000","45,000","47,900","49,400","51,400","49,000","46,400","46,300","49,700","48,300","40,000","33,600","34,000","25,800","18,100","11,500","6,800"
E07000177,England,South East,Cherwell,"161,000","9,400","9,400","9,800","8,300","7,900","10,700","12,200","11,900","10,900","10,600","11,500","11,200","9,100","7,500","7,600","5,400","3,800","2,400","1,400"
E07000178,England,South East,Oxford,"162,100","7,100","7,800","8,600","15,900","22,000","15,400","13,300","11,000","9,600","8,800","8,800","8,200","6,400","5,200","4,900","3,600","2,600","1,700","1,100"
E07000179,England,South East,South Oxfordshire,"149,100","8,000","8,800","9,100","7,600","6,400","8,300","9,300","9,600","9,700","10,300","11,400","10,800","9,000","7,600","7,900","6,300","4,500","2,700","1,500"
E07000180,England,South East,Vale of White Horse,"138,900","7,800","8,400","8,600","7,300","6,300","8,400","9,500","9,500","9,100","9,200","9,600","9,600","8,200","7,000","7,300","5,500","3,800","2,400","1,500"
E07000181,England,South East,West Oxfordshire,"114,200","5,700","6,600","6,900","5,800","5,300","6,600","7,100","7,000","7,000","7,400","8,400","8,500","7,200","6,200","6,500","5,000","3,400","2,200","1,400"
E10000030,England,South East,Surrey,"1,203,100","65,600","74,100","76,500","69,800","63,500","62,900","72,700","79,100","84,700","86,600","87,300","84,300","68,900","56,700","58,400","44,500","32,000","21,900","13,600"
E07000207,England,South East,Elmbridge,"138,800","8,400","9,900","9,900","7,400","5,100","6,000","7,500","9,200","11,200","11,300","10,600","9,700","7,700","6,300","6,300","4,700","3,500","2,400","1,600"
E07000208,England,South East,Epsom and Ewell,"80,900","4,600","5,300","5,400","4,600","4,000","4,000","4,800","5,600","6,200","6,100","5,800","5,500","4,400","3,600","3,900","2,900","2,100","1,300",800
E07000209,England,South East,Guildford,"143,600","6,700","7,800","8,300","10,800","13,200","8,600","8,600","8,700","9,100","9,600","9,700","9,700","7,800","6,400","6,600","4,800","3,500","2,300","1,500"
E07000210,England,South East,Mole Valley,"87,400","4,000","4,700","5,300","4,700","3,600","4,000","4,200","4,800","5,500","6,100","6,800","6,900","5,900","5,100","5,200","4,200","3,000","2,100","1,200"
E07000211,England,South East,Reigate and Banstead,"150,900","9,000","10,000","9,900","7,700","6,500","8,400","10,400","10,900","11,100","10,700","10,600","10,400","8,500","6,800","7,100","5,100","3,600","2,500","1,700"
E07000212,England,South East,Runnymede,"88,100","4,800","4,800","4,800","6,500","7,500","5,000","5,600","5,700","5,700","6,000","5,900","5,800","4,700","3,800","3,800","3,000","2,100","1,500",900
E07000213,England,South East,Spelthorne,"103,000","6,000","6,400","6,100","5,100","4,900","6,000","7,400","7,600","7,400","6,900","7,300","7,300","5,800","4,600","4,700","3,600","2,800","1,800","1,100"
E07000214,England,South East,Surrey Heath,"90,500","4,500","5,300","5,800","4,900","4,200","4,900","5,400","5,800","6,100","6,600","7,000","6,700","5,400","4,400","4,600","3,600","2,500","1,800",900
E07000215,England,South East,Tandridge,"87,900","5,000","5,300","5,700","4,800","3,900","4,100","4,900","5,600","5,700","6,000","6,600","6,500","5,500","4,600","4,800","3,600","2,600","1,700","1,100"
E07000216,England,South East,Waverley,"128,200","6,500","7,800","8,600","8,000","5,600","5,400","6,400","7,500","8,400","9,600","9,700","9,100","7,700","6,500","7,100","5,700","4,000","2,900","1,800"
E07000217,England,South East,Woking,"103,900","6,200","6,700","6,800","5,300","4,900","6,400","7,300","7,900","8,200","7,600","7,100","6,700","5,500","4,500","4,400","3,200","2,400","1,600","1,000"
E10000032,England,South East,West Sussex,"882,700","44,500","49,900","51,600","45,000","40,900","47,800","54,100","54,600","54,900","57,200","62,800","62,800","55,100","48,900","53,300","40,400","28,500","18,300","11,900"
E07000223,England,South East,Adur,"64,500","3,200","3,900","3,800","3,200","2,700","3,200","3,700","3,900","4,100","4,500","4,700","4,500","4,000","3,600","4,000","3,100","2,300","1,400",800
E07000224,England,South East,Arun,"164,800","7,300","8,200","8,300","7,600","7,400","8,400","9,300","9,000","8,700","9,400","11,400","11,900","11,000","10,700","12,600","9,700","6,800","4,300","2,800"
E07000225,England,South East,Chichester,"124,100","5,300","6,100","6,600","6,500","6,500","6,200","6,400","6,400","6,500","7,200","8,500","9,400","8,800","8,000","8,800","6,900","4,900","3,100","2,000"
E07000226,England,South East,Crawley,"118,500","7,600","8,100","7,800","6,500","6,600","8,600","10,000","9,800","9,000","7,800","7,700","7,100","6,100","4,600","4,200","2,700","1,900","1,400",900
E07000227,England,South East,Horsham,"146,800","7,400","8,000","9,000","7,700","6,200","7,600","8,400","8,600","9,000","9,600","11,000","11,300","9,700","8,300","8,900","6,700","4,700","3,000","1,900"
E07000228,England,South East,Mid Sussex,"152,600","8,300","9,400","9,800","8,000","6,400","7,700","9,200","9,900","10,500","11,000","11,400","10,700","8,900","7,900","8,200","6,400","4,300","2,900","1,800"
E07000229,England,South East,Worthing,"111,400","5,400","6,100","6,300","5,400","5,200","6,200","7,100","7,000","7,100","7,600","8,200","7,900","6,700","5,800","6,600","4,900","3,600","2,300","1,700"
E06000022,England,South West,Bath and North East Somerset,"193,400","9,000","10,000","10,600","14,800","18,600","11,500","11,700","10,900","10,800","11,700","12,700","12,800","10,800","9,400","9,800","7,400","5,300","3,400","2,100"
E06000058,England,South West,"Bournemouth, Christchurch and Poole [note 9]","400,300","18,900","21,200","21,300","22,300","27,000","23,800","26,200","26,200","25,400","24,700","26,900","26,500","23,400","20,800","22,600","17,100","12,300","8,200","5,400"
E06000023,England,South West,"Bristol, City of","472,400","25,900","26,800","25,600","29,600","47,500","44,400","43,900","37,800","31,200","27,100","26,400","25,000","20,500","16,900","16,000","11,300","8,200","5,200","3,200"
E06000052,England,South West,Cornwall,"570,300","25,500","30,300","31,200","29,300","28,600","28,500","31,500","30,900","31,300","34,800","40,700","43,100","40,500","37,400","40,400","29,400","18,800","11,400","6,800"
E06000053,England,South West,Isles of Scilly,"2,100",100,100,100,0,100,100,100,100,100,100,200,200,100,100,100,100,100,0,0
E06000059,England,South West,Dorset [note 10],"379,600","15,000","18,200","20,300","19,100","15,300","16,800","18,300","18,300","18,800","21,700","26,900","29,800","28,800","27,000","30,400","22,900","15,800","9,900","6,300"
E06000024,England,South West,North Somerset,"216,700","10,700","12,300","12,800","10,800","9,700","10,800","12,300","13,100","13,400","14,100","15,500","15,800","13,500","12,500","14,000","10,800","7,300","4,600","2,800"
E06000026,England,South West,Plymouth,"264,700","13,200","15,100","15,000","15,900","21,200","17,900","18,400","17,400","15,600","15,800","17,600","17,300","15,300","12,900","13,200","9,700","6,700","4,100","2,300"
E06000025,England,South West,South Gloucestershire,"290,400","16,100","17,100","16,700","16,200","18,100","19,400","20,500","19,700","18,100","18,100","20,300","19,900","16,100","13,500","14,100","11,300","7,700","4,800","2,700"
E06000030,England,South West,Swindon,"233,400","13,600","15,200","14,800","12,300","12,000","15,300","17,400","17,300","16,300","16,400","16,800","16,000","13,100","10,600","9,800","7,000","4,900","3,100","1,700"
E06000027,England,South West,Torbay,"139,300","6,100","7,300","7,500","6,700","6,200","7,100","7,600","7,300","7,200","8,200","10,300","10,700","9,900","9,200","10,000","7,600","5,100","3,300","2,000"
E06000054,England,South West,Wiltshire,"510,400","25,600","29,500","30,300","27,300","24,200","28,600","31,000","30,600","29,600","33,400","37,600","38,000","33,100","28,800","29,900","22,400","15,300","9,600","5,600"
E10000008,England,South West,Devon,"811,600","35,300","41,300","43,200","44,900","44,200","40,700","43,800","43,400","42,800","47,800","57,200","60,900","56,600","52,300","56,700","42,700","28,500","18,000","11,200"
E07000040,England,South West,East Devon,"150,800","6,500","7,700","7,700","7,100","6,200","6,900","7,400","7,600","7,700","8,800","10,500","10,900","10,600","10,300","11,900","9,400","6,600","4,200","2,800"
E07000041,England,South West,Exeter,"130,800","5,900","6,200","6,100","11,800","16,400","9,000","9,000","8,500","7,400","7,300","7,800","7,400","6,400","5,500","5,700","4,200","3,100","2,000","1,300"
E07000042,England,South West,Mid Devon,"82,800","4,000","4,600","5,000","4,400","3,600","4,100","4,500","4,700","4,600","5,100","6,200","6,400","5,700","5,200","5,400","4,000","2,700","1,600","1,000"
E07000043,England,South West,North Devon,"98,600","4,500","5,200","5,600","5,000","4,200","5,100","5,400","5,100","5,300","5,900","7,100","7,600","7,100","6,300","6,900","5,300","3,400","2,200","1,300"
E07000044,England,South West,South Hams,"88,600","3,500","4,400","4,800","4,300","3,300","3,700","4,300","4,400","4,500","5,200","6,500","7,400","7,100","6,500","7,000","5,000","3,300","2,000","1,200"
E07000045,England,South West,Teignbridge,"134,800","5,900","6,900","7,200","6,300","5,600","6,500","7,200","7,200","7,100","8,100","9,800","10,800","9,800","9,300","9,900","7,500","4,800","3,100","1,900"
E07000046,England,South West,Torridge,"68,100","2,800","3,500","3,600","3,200","2,700","3,100","3,400","3,200","3,300","4,000","5,100","5,500","5,400","5,100","5,500","4,000","2,500","1,500",900
E07000047,England,South West,West Devon,"57,100","2,200","2,700","3,100","2,900","2,100","2,400","2,600","2,800","2,800","3,400","4,300","4,900","4,500","4,100","4,500","3,300","2,200","1,300",800
E10000013,England,South West,Gloucestershire,"645,100","32,300","36,200","37,400","34,600","33,500","36,700","40,200","39,500","38,200","40,800","46,700","47,700","41,400","36,200","37,300","28,000","19,400","12,000","7,000"
E07000078,England,South West,Cheltenham,"118,800","5,900","6,400","6,900","6,700","7,900","8,100","8,300","8,200","7,600","7,400","7,900","8,000","6,600","5,600","5,800","4,400","3,300","2,300","1,400"
E07000079,England,South West,Cotswold,"90,800","4,000","4,600","5,000","4,400","4,000","4,000","4,600","4,900","5,100","5,900","6,900","7,400","6,500","6,000","6,300","4,800","3,300","2,100","1,200"
E07000080,England,South West,Forest of Dean,"87,000","4,000","4,500","4,600","5,100","4,000","4,400","4,800","4,500","4,300","5,200","6,600","7,000","6,200","5,800","6,000","4,500","2,900","1,600",900
E07000081,England,South West,Gloucester,"132,500","7,500","8,300","8,200","7,700","8,500","8,900","9,800","9,200","8,400","8,200","9,200","9,000","7,600","5,900","5,700","4,500","3,000","1,900","1,100"
E07000082,England,South West,Stroud,"121,100","5,600","6,700","7,300","6,300","5,000","6,100","6,500","6,700","7,100","8,200","9,500","9,400","8,500","7,400","7,700","5,600","3,800","2,400","1,300"
E07000083,England,South West,Tewkesbury,"94,900","5,300","5,800","5,500","4,500","4,100","5,200","6,200","6,000","5,800","5,900","6,700","6,900","5,900","5,400","5,600","4,300","3,000","1,700","1,000"
E10000027,England,South West,Somerset,"571,600","27,000","30,500","32,600","29,800","26,000","30,500","33,100","31,500","30,600","34,700","41,500","43,200","38,600","36,100","38,600","28,600","19,200","11,800","7,600"
E07000187,England,South West,Mendip,"116,100","5,500","6,200","7,000","6,700","4,800","5,700","6,400","6,300","6,400","7,500","9,100","9,100","7,900","7,200","7,600","5,400","3,700","2,300","1,400"
E07000188,England,South West,Sedgemoor,"125,400","6,000","6,900","7,200","6,400","6,100","6,900","7,400","7,000","6,700","7,600","9,200","9,600","8,300","7,600","8,200","6,000","4,100","2,400","1,500"
E07000246,England,South West,Somerset West and Taunton [note 11],"157,400","7,400","8,300","8,800","8,200","6,800","8,500","9,200","9,000","8,400","9,300","11,000","11,700","10,700","10,200","10,600","8,200","5,500","3,600","2,400"
E07000189,England,South West,South Somerset,"172,700","8,200","9,100","9,600","8,600","8,200","9,400","10,100","9,300","9,000","10,300","12,200","12,900","11,600","11,100","12,100","9,000","6,000","3,600","2,300"
W06000001,Wales,Wales,Isle of Anglesey,"68,900","3,200","3,900","4,000","3,400","3,000","3,300","3,700","3,500","3,500","4,000","4,900","5,200","5,100","4,800","5,000","3,700","2,500","1,300",900
W06000002,Wales,Wales,Gwynedd,"117,400","5,300","6,200","6,500","7,000","8,600","6,500","6,600","5,900","5,900","6,800","8,100","8,500","8,000","7,100","7,300","5,400","3,700","2,300","1,500"
W06000003,Wales,Wales,Conwy,"114,800","5,000","5,900","6,300","5,500","5,000","5,600","6,200","5,900","5,700","6,600","8,300","9,000","8,500","7,900","8,500","6,200","4,300","2,800","1,700"
W06000004,Wales,Wales,Denbighshire,"95,800","4,800","5,300","5,700","5,200","4,500","5,100","5,100","4,900","4,900","5,800","6,900","7,300","6,700","6,100","6,600","4,800","3,300","1,900","1,100"
W06000005,Wales,Wales,Flintshire,"155,000","7,600","8,700","9,300","8,100","7,400","8,900","9,700","9,400","8,900","10,100","11,800","11,700","10,000","8,600","9,600","6,600","4,600","2,400","1,400"
W06000006,Wales,Wales,Wrexham,"135,100","7,000","8,000","8,300","7,300","7,000","7,900","8,700","8,700","8,100","8,700","10,100","9,600","8,300","7,400","7,600","5,500","3,500","2,100","1,200"
W06000023,Wales,Wales,Powys,"133,200","5,700","6,500","7,000","6,400","5,700","6,500","6,700","6,500","6,400","7,800","9,700","10,700","10,400","9,800","10,000","7,500","5,000","3,000","1,700"
W06000008,Wales,Wales,Ceredigion,"71,500","2,700","3,300","3,400","4,800","6,400","3,600","3,500","3,300","3,200","3,700","4,700","5,400","5,100","4,900","5,000","3,700","2,400","1,500",900
W06000009,Wales,Wales,Pembrokeshire,"123,400","5,600","6,700","7,100","6,200","5,600","6,300","6,600","6,300","6,200","7,000","8,700","9,600","9,000","8,600","8,800","6,500","4,300","2,600","1,400"
W06000010,Wales,Wales,Carmarthenshire,"187,900","9,100","10,300","11,000","9,900","8,800","10,000","10,700","10,400","10,200","11,200","13,200","14,300","13,400","12,400","12,200","9,200","6,000","3,600","2,000"
W06000011,Wales,Wales,Swansea,"238,500","11,400","13,000","13,700","14,500","19,200","14,200","15,100","14,500","13,800","14,000","15,700","16,000","14,500","12,700","13,100","9,600","6,800","4,300","2,400"
W06000012,Wales,Wales,Neath Port Talbot,"142,300","7,100","8,000","8,400","8,900","7,700","8,300","8,800","8,800","8,200","8,400","9,800","10,300","9,500","8,400","8,200","5,900","4,000","2,300","1,300"
W06000013,Wales,Wales,Bridgend,"145,500","7,300","8,400","8,600","7,600","7,400","8,800","9,900","8,900","8,600","9,300","10,700","10,700","9,200","8,100","8,200","6,100","4,200","2,400","1,200"
W06000014,Wales,Wales,Vale of Glamorgan,"131,800","6,900","7,900","8,300","6,900","6,000","7,200","7,900","8,100","8,100","8,300","9,200","9,500","8,700","7,800","7,800","5,700","3,900","2,300","1,300"
W06000015,Wales,Wales,Cardiff,"362,400","19,100","21,500","21,500","26,400","38,000","29,300","27,000","24,900","22,300","20,200","21,100","20,600","18,000","14,800","14,100","9,600","6,900","4,400","2,700"
W06000016,Wales,Wales,Rhondda Cynon Taf,"237,700","12,500","14,000","14,500","13,400","14,300","14,700","16,100","15,200","13,600","14,700","16,600","16,800","14,500","12,800","13,200","9,300","6,100","3,400","1,800"
W06000024,Wales,Wales,Merthyr Tydfil,"58,800","3,300","3,700","3,600","3,100","3,200","3,700","4,100","4,000","3,300","3,500","4,100","4,300","3,800","3,100","3,200","2,200","1,400",800,400
W06000018,Wales,Wales,Caerphilly,"175,900","9,200","10,400","10,800","9,600","9,100","10,700","11,600","11,200","10,600","11,000","12,700","12,700","11,000","9,900","10,000","7,100","4,700","2,600","1,200"
W06000019,Wales,Wales,Blaenau Gwent,"66,900","3,500","3,700","3,800","3,300","3,500","4,400","4,600","4,000","3,700","4,100","5,100","5,200","4,400","3,700","3,800","2,800","1,800","1,000",500
W06000020,Wales,Wales,Torfaen,"92,300","5,000","5,400","5,600","4,900","4,700","5,800","6,300","5,800","5,200","5,400","6,400","6,800","5,900","5,200","5,200","3,800","2,500","1,600",800
W06000021,Wales,Wales,Monmouthshire,"93,000","4,000","4,600","5,200","4,600","3,900","4,500","4,700","4,900","5,000","5,800","7,300","7,800","6,700","6,200","6,400","4,900","3,300","2,000","1,200"
W06000022,Wales,Wales,Newport,"159,600","9,700","10,300","10,300","8,600","8,700","11,100","12,600","11,200","10,000","9,700","10,800","10,700","9,000","7,300","7,300","5,400","3,800","2,200","1,200"
,,,,,,,,,,,,,,,,,,,,,,,